{
  "@microsoft/generator-sharepoint": {
    "plusBeta": false,
    "isCreatingSolution": true,
    "nodeVersion": "16.13.2",
    "sdksVersions": {
      "@microsoft/microsoft-graph-client": "3.0.2",
      "@microsoft/teams-js": "2.4.1"
    },
    "version": "1.16.1",
    "libraryName": "poc-1",
    "libraryId": "ebffa4c5-6bf6-4b17-aa1b-81365d1f7dfd",
    "environment": "spo",
    "packageManager": "npm",
    "solutionName": "poc-1",
    "solutionShortDescription": "poc-1 description",
    "skipFeatureDeployment": true,
    "isDomainIsolated": false,
    "componentType": "extension",
    "extensionType": "ListViewCommandSet"
  }
}
