<?xml version="1.0" encoding="utf-8"?><App xmlns="http://schemas.microsoft.com/sharepoint/2012/app/manifest" Name="poc-1-client-side-solution" ProductID="ebffa4c5-6bf6-4b17-aa1b-81365d1f7dfd" SharePointMinVersion="16.0.0.0" IsClientSideSolution="true" Version="1.0.0.0" SkipFeatureDeployment="true" IsDomainIsolated="false"><Properties><Title>poc-1-client-side-solution</Title><DeveloperProperties>{&quot;name&quot;:&quot;&quot;,&quot;websiteUrl&quot;:&quot;&quot;,&quot;privacyUrl&quot;:&quot;&quot;,&quot;termsOfUseUrl&quot;:&quot;&quot;,&quot;mpnId&quot;:&quot;Undefined-1.16.1&quot;}</DeveloperProperties><ShortDescription><LocalizedString CultureName="default">poc-1 description</LocalizedString></ShortDescription><LongDescription><LocalizedString CultureName="default">poc-1 description</LocalizedString></LongDescription><Screenshots></Screenshots></Properties></App>